{
    "MacAddress": "60A4234Fe380",
    "Enabled": true,
    "TrainedData": {
      "TrainEnabled": true,
      "ModelDict": {
        "HiddenShape": 21,
        "Sigma": 5,
        "Centers": [
          [
            0.852051,
            -0.405518,
            0.249512
          ],
          [
            0.848145,
            -0.404297,
            0.255859
          ],
          [
            0.86084,
            -0.400391,
            0.248291
          ],
          [
            0.849854,
            -0.400391,
            0.254639
          ],
          [
            0.85083,
            -0.405029,
            0.252197
          ],
          [
            0.846191,
            -0.404053,
            0.256836
          ],
          [
            0.846924,
            -0.401123,
            0.253174
          ],
          [
            0.853271,
            -0.400635,
            0.253662
          ],
          [
            0.854492,
            -0.404053,
            0.250977
          ],
          [
            0.852051,
            -0.4021,
            0.251709
          ],
          [
            0.850586,
            -0.408203,
            0.251465
          ],
          [
            0.8479,
            -0.404053,
            0.256592
          ],
          [
            0.850098,
            -0.404785,
            0.25
          ],
          [
            0.851807,
            -0.4021,
            0.250977
          ],
          [
            0.847168,
            -0.405029,
            0.253418
          ],
          [
            0.85376,
            -0.404297,
            0.251221
          ],
          [
            0.853027,
            -0.401367,
            0.255127
          ],
          [
            0.855469,
            -0.399658,
            0.251709
          ],
          [
            0.855957,
            -0.403076,
            0.249023
          ],
          [
            0.854736,
            -0.401611,
            0.250488
          ],
          [
            0.851807,
            -0.401611,
            0.251953
          ]
        ],
        "Weights": [
          [
            -12943246305.071167,
            283014313.4597168,
            4406599871.558258
          ],
          [
            -1658427982.724121,
            -536924174.750412,
            -521555987.6868515
          ],
          [
            -1702514682.496193,
            183825221.9207306,
            1315206115.9917514
          ],
          [
            590610034.1728745,
            -72291483.04508972,
            108923902.30719757
          ],
          [
            -25128009762.401,
            270304545.16638184,
            8249711852.4991455
          ],
          [
            -2603729678.686962,
            961413271.1873722,
            2494717589.544299
          ],
          [
            -6020092056.253174,
            -44532585.101364136,
            1477630589.5597382
          ],
          [
            7256260804.881775,
            -113259554.14149475,
            -2430662387.21167
          ],
          [
            12001367916.687622,
            664057324.6487732,
            -2121584653.811432
          ],
          [
            -1335250092.649601,
            126518455.56415653,
            889052176.6444483
          ],
          [
            5847242495.841705,
            -235468200.52482605,
            -2237864826.602707
          ],
          [
            3192567281.328766,
            -47400525.239974976,
            -841085137.2273254
          ],
          [
            5282086957.538208,
            640188034.0610962,
            62740451.40313721
          ],
          [
            9631828975.458801,
            -4462702.473999023,
            -2632002328.98909
          ],
          [
            10825935139.906464,
            -1057590281.1728058,
            -5774821749.993393
          ],
          [
            -2840089288.967655,
            644926225.3794441,
            2268880776.5021124
          ],
          [
            -2370056612.323242,
            -442685536.5856476,
            -381145774.65249634
          ],
          [
            -3827947182.240631,
            466827016.6416626,
            1669329076.9303207
          ],
          [
            11030507987.724243,
            -1563529583.2207642,
            -7214120117.235313
          ],
          [
            -14316392400.464966,
            -90211664.58050537,
            3697576041.1640625
          ],
          [
            9087348438.590393,
            -32718098.446380615,
            -2485525469.693039
          ]
        ]
      },
      "AlgorithmId": 1,
      "AlgorithmParameters": [
        {
          "Name": "Sliding window",
          "SignatureOrder": 1,
          "Value": "5"
        },
        {
          "Name": "Threshold",
          "SignatureOrder": 2,
          "Value": "15"
        }
      ]
    }
  }
